deptName;dept
murra;0
scrimshaw;1
jacobinized;2
chariest;3
aggrading;4
lifesaver;5
albuminizing;6
puffin;7
nondefinable;8
refractorily;9
hellishness;10
quintuplity;11
fasciate;12
nonpolarity;13
entrancing;14
bedevilment;15
specs;16
underpopulating;17
subruler;18
heifer;19
discographical;20
fetidity;21
experientially;22
overgirding;23
nihilist;24
kootenai;25
militarily;26
metalline;27
aforethought;28
harlequinism;29
tissuing;30
descend;31
raglan;32
apprentice;33
degressive;34
neuroplasm;35
unprogressed;36
commissionership;37
gaddafi;38
unexportable;39
aldus;40
misdivide;41
flchette;42
dam;43
amorphousness;44
ultraism;45
quirky;46
christiansand;47
giddy;48
abortion;49
anesthesiology;50
sociologist;51
ebon;52
trollopean;53
torah;54
agitation;55
nontransitive;56
pretranslation;57
unsanctioning;58
supercontest;59
subprefecture;60
simplistic;61
savoringly;62
seining;63
overpotent;64
unicyclist;65
tbilisi;66
mogote;67
nongratifying;68
hydrorhizal;69
unsymbolized;70
rearrange;71
unpolymerized;72
counterrevolutionaries;73
godspeed;74
nonhypnotic;75
mythopoetising;76
ilkley;77
outwiggle;78
naskos;79
hypophysectomizing;80
hamhung;81
mouldiest;82
youngling;83
grecian;84
incompleteness;85
beastlike;86
florentine;87
semihumanistic;88
wondering;89
dramatics;90
orator;91
dicophane;92
stockist;93
northampton;94
hippo;95
variable;96
nonmetallic;97
banjul;98
tracheidal;99
supercatholically;100
clementon;101
unreiterated;102
planch;103
answerer;104
satyric;105
squintingness;106
skat;107
washingtonian;108
gastightness;109
piedmont;110
soaplike;111
idealised;112
individuating;113
adenophyllous;114
alembert;115
peristaltically;116
nohow;117
diversely;118
illegally;119
wordlessness;120
sericin;121
regild;122
transformist;123
xipe;124
unrealised;125
disapprover;126
deaminated;127
quisling;128
complier;129
safe;130
preburlesque;131
zo‹¨¾‹ó­toxin;132
ascension;133
blazonry;134
nothing;135
corday;136
overimposed;137
nonfricative;138
angularity;139
clogging;140
calypso;141
unjoinable;142
uncreditableness;143
newfoundland;144
victualled;145
brie;146
bernadotte;147
grouchiness;148
altercation;149
conglutination;150
weltschmerz;151
contribute;152
bitte;153
rehash;154
protyle;155
marbleizing;156
sandbag;157
kirkby;158
corby;159
cockbill;160
houseled;161
unlocalize;162
fearlessly;163
femininely;164
tsaritsyn;165
mallei;166
goober;167
wasn''t;168
fanatically;169
tenues;170
graciousness;171
aeroneurosis;172
ocotillo;173
promiser;174
rematch;175
ghastfulness;176
overdearly;177
unutterably;178
sprayless;179
bedouinism;180
dortiness;181
penang;182
philipp;183
geotactically;184
profederation;185
redisplay;186
nonvernacular;187
doyens;188
presubstitute;189
ornithologically;190
folkways;191
solifluction;192
undomestically;193
unwired;194
glomus;195
volcanic;196
rehabilitated;197
spearmint;198
catchiness;199
